{
    "KL-TVM": "THIRUVANANTHAPURAM",
    "KL-KLM": "KOLLAM",
    "KL-PTA": "PATHANAMTHITTA",
    "KL-ALP": "ALAPPUZHA",
    "KL-KTM": "KOTTAYAM",
    "KL-IDK": "IDUKKI",
    "KL-EKM": "ERNAKULAM",
    "KL-TSR": "THRISSUR",
    "KL-PLK": "PALAKKAD",
    "KL-MLP": "MALAPPURAM",
    "KL-KKD": "KOZHIKODE",
    "KL-WYD": "WAYANAD",
    "KL-KAN": "KANNUR",
    "KL-KSD": "KASARAGOD",
    "KA-BGU": "BENGALURU URBAN",
    "KA-BGR": "BENGALURU RURAL",
    "KA-RMN": "RAMANAGARA",
    "KA-CHT": "CHITRADURGA",
    "KA-DVG": "DAVANAGERE",
    "KA-SGA": "SHIVAMOGGA",
    "KA-UTK": "UTTARA KANNADA",
    "KA-DKD": "DAKSHINA KANNADA",
    "KA-UDU": "UDUPI",
    "KA-CTD": "CHITRADURGA",
    "KA-HSN": "HASSAN",
    "KA-CKM": "CHIKKAMAGALURU",
    "KA-MYS": "MYSURU",
    "KA-MND": "MANDYA",
    "KA-TUM": "TUMAKURU",
    "KA-KLR": "KOLAR",
    "KA-KGF": "KOLAR GOLD FIELDS",
    "KA-BLR": "BALLARI",
    "KA-BDR": "BIDAR",
    "KA-BIJ": "BIJAPUR (VIJAYAPURA)",
    "KA-KLP": "KALABURAGI",
    "KA-YDR": "YADGIR",
    "KA-RCH": "RAICHUR",
    "KA-KOP": "KOPPAL",
    "KA-BGM": "BELAGAVI",
    "KA-BSR": "BAGALKOT",
    "KA-HVR": "HAVERI",
    "KA-GDG": "GADAG",
    "KA-CHM": "CHAMARAJANAGAR",
    "TN-CHN": "CHENNAI",
    "TN-CGL": "CHENGALPATTU",
    "TN-KCV": "KANCHEEPURAM",
    "TN-TRV": "TIRUVALLUR",
    "TN-VLR": "VELLORE",
    "TN-RNY": "RANIPET",
    "TN-TPT": "TIRUPATTUR",
    "TN-DGL": "DHARMAPURI",
    "TN-KRI": "KRISHNAGIRI",
    "TN-SLM": "SALEM",
    "TN-NML": "NAMAKKAL",
    "TN-ERD": "ERODE",
    "TN-TUP": "TIRUPPUR",
    "TN-CBE": "COIMBATORE",
    "TN-NLG": "NILGIRIS",
    "TN-DPI": "DINDIGUL",
    "TN-TNJ": "THANJAVUR",
    "TN-TRR": "TIRUVARUR",
    "TN-NJR": "NAGAPATTINAM",
    "TN-MDU": "MADURAI",
    "TN-SIV": "SIVAGANGA",
    "TN-RMN": "RAMANATHAPURAM",
    "TN-TNK": "THENI",
    "TN-VPG": "VIRUDHUNAGAR",
    "TN-TNKL": "TIRUNELVELI",
    "TN-TUT": "TUTICORIN (THOOTHUKUDI)",
    "TN-KNK": "KANNIYAKUMARI",
    "TN-PDK": "PUDUKKOTTAI",
    "TN-KAR": "KARUR",
    "TN-ARI": "ARIYALUR",
    "TN-PRM": "PERAMBALUR",
    "TN-TRN": "TIRUCHIRAPPALLI (TRICHY)",
    "AP-SRI": "SRIKAKULAM",
    "AP-VZM": "VIZIANAGARAM",
    "AP-VSP": "VISAKHAPATNAM",
    "AP-EG": "EAST GODAVARI",
    "AP-WG": "WEST GODAVARI",
    "AP-KRI": "KRISHNA",
    "AP-GTR": "GUNTUR",
    "AP-PRK": "PRAKASAM",
    "AP-NLR": "SPSR NELLORE",
    "AP-CTO": "CHITTOOR",
    "AP-KDP": "KADAPA (YSR)",
    "AP-ATP": "ANANTAPURAMU",
    "AP-KNL": "KURNOOL",
    "AP-BPT": "BAPATLA",
    "AP-ELR": "ELURU",
    "AP-NTR": "NTR DISTRICT",
    "AP-PAL": "PALNADU",
    "AP-PTT": "PARVATHIPURAM MANYAM",
    "AP-ALR": "ALLURI SITHARAMA RAJU",
    "AP-ANN": "ANNAMAYYA",
    "AP-TIR": "TIRUPATI",
    "AP-SPS": "SRI SATYASAI",
    "AP-VJA": "VIJAYAWADA"
}
